[{"pos_x": 114.8225, "pos_y": -83.85, "rotation": 180.0, "side": "top", "designator": "L2", "mpn": "LQM18DN100M70L", "pack": "INDC1608X95N", "value": "10uH", "mount_type": "smt", "place": true}, {"pos_x": 120.02, "pos_y": -83.44, "rotation": 180.0, "side": "top", "designator": "L1", "mpn": "LQM18DN100M70L", "pack": "INDC1608X95N", "value": "10uH", "mount_type": "smt", "place": true}, {"pos_x": 109.62, "pos_y": -90.25, "rotation": -90.0, "side": "top", "designator": "Y2", "mpn": "CM8V-T1A-32.768kHz-9pF-20PPM-TA-QC", "pack": "XTAL_CM8V-T1A-32.768KHZ-9PF-20PPM-TA-QC", "value": "32.768kHz", "mount_type": "smt", "place": true}, {"pos_x": 121.58, "pos_y": -89.75, "rotation": 0.0, "side": "top", "designator": "L3", "mpn": "LQP03HQ2N2B02D", "pack": "IND_LQP03HQ2N2B02D", "value": "2.2nH", "mount_type": "smt", "place": true}, {"pos_x": 116.13, "pos_y": -90.74, "rotation": 0.0, "side": "top", "designator": "U1", "mpn": "nRF5340-QKAA-R7", "pack": "XCVR_NRF5340-QKAA-R7", "value": "NRF5340-QKAA-R7", "mount_type": "smt", "place": true}, {"pos_x": 120.74, "pos_y": -90.63, "rotation": 0.0, "side": "top", "designator": "C11", "mpn": "GRM033R60J104KE19D", "pack": "CAPC0603X33N", "value": "100nF", "mount_type": "smt", "place": true}, {"pos_x": 120.58, "pos_y": -85.09, "rotation": 0.0, "side": "top", "designator": "C2", "mpn": "GRM155R61E105KA12D", "pack": "C_0402_1005Metric", "value": "1uF", "mount_type": "smt", "place": true}, {"pos_x": 113.53, "pos_y": -95.446, "rotation": -90.0, "side": "top", "designator": "C13", "mpn": "GRM033R60J104KE19D", "pack": "CAPC0603X33N", "value": "100nF", "mount_type": "smt", "place": true}, {"pos_x": 94.59, "pos_y": -84.0, "rotation": 0.0, "side": "top", "designator": "REF**", "mpn": null, "pack": "MountingHole_2.2mm_M2_DIN965", "value": "MountingHole_2.2mm_M2_DIN965", "mount_type": "tht", "place": false}, {"pos_x": 116.36, "pos_y": -85.17, "rotation": 180.0, "side": "top", "designator": "C5", "mpn": "GRM155R61E105KA12D", "pack": "C_0402_1005Metric", "value": "1uF", "mount_type": "smt", "place": true}, {"pos_x": 120.39, "pos_y": -89.42, "rotation": 90.0, "side": "top", "designator": "C12", "mpn": "GJM0335C1HR70WB01D", "pack": "CAPC0603X33N", "value": "0.7pF", "mount_type": "smt", "place": true}, {"pos_x": 106.26, "pos_y": -98.84, "rotation": 0.0, "side": "top", "designator": "TP1", "mpn": "N.A", "pack": "TestPoint_Pad_D1.0mm", "value": "TestPoint", "mount_type": "tht", "place": true}, {"pos_x": 96.5, "pos_y": -101.78, "rotation": 90.0, "side": "top", "designator": "C18", "mpn": "GRM033R60J104KE19D", "pack": "CAPC0603X33N", "value": "100nF", "mount_type": "smt", "place": true}, {"pos_x": 95.36, "pos_y": -91.53, "rotation": 180.0, "side": "top", "designator": "SW1", "mpn": "KMR221NGLFS", "pack": "SW_Push_1P1T_NO_CK_KMR2", "value": "SW_Push", "mount_type": "smt", "place": true}, {"pos_x": 122.25, "pos_y": -103.01, "rotation": -90.0, "side": "top", "designator": "J2", "mpn": "N.A", "pack": "PinSocket_1x06_P1.27mm_Vertical", "value": "Conn_01x04", "mount_type": "tht", "place": true}, {"pos_x": 103.03, "pos_y": -97.86, "rotation": 0.0, "side": "top", "designator": "TP2", "mpn": "N.A", "pack": "TestPoint_Pad_D1.0mm", "value": "TestPoint", "mount_type": "tht", "place": true}, {"pos_x": 96.52, "pos_y": -103.32, "rotation": -90.0, "side": "top", "designator": "C19", "mpn": "GRM033R60J104KE19D", "pack": "CAPC0603X33N", "value": "100nF", "mount_type": "smt", "place": true}, {"pos_x": 114.76, "pos_y": -95.446, "rotation": -90.0, "side": "top", "designator": "C15", "mpn": "GRM033R60J104KE19D", "pack": "CAPC0603X33N", "value": "100nF", "mount_type": "smt", "place": true}, {"pos_x": 122.8, "pos_y": -89.43, "rotation": 90.0, "side": "top", "designator": "C17", "mpn": "N.A", "pack": "CAPC0603X33N", "value": "N.C", "mount_type": "smt", "place": true}, {"pos_x": 98.59, "pos_y": -102.44, "rotation": -90.0, "side": "top", "designator": "U2", "mpn": "BME280", "pack": "Bosch_LGA-8_2.5x2.5mm_P0.65mm_ClockwisePinNumbering", "value": "BME280", "mount_type": "smt", "place": true}, {"pos_x": 108.76, "pos_y": -96.75, "rotation": 0.0, "side": "top", "designator": "TP4", "mpn": "N.A", "pack": "TestPoint_Pad_D1.0mm", "value": "TestPoint", "mount_type": "tht", "place": true}, {"pos_x": 113.68, "pos_y": -85.88, "rotation": 90.0, "side": "top", "designator": "C4", "mpn": "GRM155R61E105KA12D", "pack": "C_0402_1005Metric", "value": "1uF", "mount_type": "smt", "place": true}, {"pos_x": 111.44, "pos_y": -93.19, "rotation": 180.0, "side": "top", "designator": "C10", "mpn": "GRM033R60J104KE19D", "pack": "CAPC0603X33N", "value": "100nF", "mount_type": "smt", "place": true}, {"pos_x": 123.54, "pos_y": -85.45, "rotation": 0.0, "side": "top", "designator": "Y1", "mpn": "XRCGB32M000F1S1JR0", "pack": "OSC_XRCGB32M000F1H19R0", "value": "32MHz", "mount_type": "smt", "place": true}, {"pos_x": 121.44, "pos_y": -87.85, "rotation": -90.0, "side": "top", "designator": "C14", "mpn": "GRM033R60J104KE19D", "pack": "CAPC0603X33N", "value": "100nF", "mount_type": "smt", "place": true}, {"pos_x": 118.444, "pos_y": -95.21, "rotation": 0.0, "side": "top", "designator": "C9", "mpn": "GRM033R60J104KE19D", "pack": "CAPC0603X33N", "value": "100nF", "mount_type": "smt", "place": true}, {"pos_x": 103.055, "pos_y": -91.45, "rotation": 180.0, "side": "top", "designator": "D1", "mpn": "150060VS55040", "pack": "LED_0603_1608Metric", "value": "LED", "mount_type": "smt", "place": true}, {"pos_x": 99.01, "pos_y": -96.82, "rotation": 0.0, "side": "top", "designator": "TP3", "mpn": "N.A", "pack": "TestPoint_Pad_D1.0mm", "value": "TestPoint", "mount_type": "tht", "place": true}, {"pos_x": 119.175, "pos_y": -86.07, "rotation": 0.0, "side": "top", "designator": "C6", "mpn": "GRM033R60J104KE19D", "pack": "CAPC0603X33N", "value": "100nF", "mount_type": "smt", "place": true}, {"pos_x": 102.29, "pos_y": -93.42, "rotation": 90.0, "side": "top", "designator": "R1", "mpn": "RC0402FR-13200RL", "pack": "R_0402_1005Metric", "value": "200R", "mount_type": "smt", "place": true}, {"pos_x": 115.53, "pos_y": -86.31, "rotation": 180.0, "side": "top", "designator": "C7", "mpn": "GRM155R61E105KA12D", "pack": "C_0402_1005Metric", "value": "1uF", "mount_type": "smt", "place": true}, {"pos_x": 122.77, "pos_y": -87.87, "rotation": 90.0, "side": "top", "designator": "C3", "mpn": "GRM033R61A222KA01D", "pack": "CAPC0603X33N", "value": "2.2nF", "mount_type": "smt", "place": true}, {"pos_x": 125.83, "pos_y": -89.68, "rotation": -90.0, "side": "top", "designator": "AE1", "mpn": "N.A", "pack": "Texas_SWRA117D_2.4GHz_Right", "value": "Antenna", "mount_type": "tht", "place": true}, {"pos_x": 120.766, "pos_y": -86.11, "rotation": 0.0, "side": "top", "designator": "C16", "mpn": "GRM033R60J104KE19D", "pack": "CAPC0603X33N", "value": "100nF", "mount_type": "smt", "place": true}, {"pos_x": 117.89, "pos_y": -84.67, "rotation": 90.0, "side": "top", "designator": "C1", "mpn": "GRM155R61E105KA12D", "pack": "C_0402_1005Metric", "value": "1uF", "mount_type": "smt", "place": true}, {"pos_x": 111.57, "pos_y": -88.42, "rotation": -90.0, "side": "top", "designator": "C8", "mpn": "GRM033R60J104KE19D", "pack": "CAPC0603X33N", "value": "100nF", "mount_type": "smt", "place": true}, {"pos_x": 108.44, "pos_y": -92.26, "rotation": 0.0, "side": "bottom", "designator": "BT1", "mpn": "1060", "pack": "BatteryHolder_Keystone_1060_1x2032", "value": "Battery_Cell", "mount_type": "smt", "place": true}]